zone,state,city,name,type,establishment_year,time_needed_to_visit_in_hrs,rating,entrance_fee,airport_with_50km_radius,weekly_off,significance,DSLR_allowed,number_of_google_review_in_lakhs,best_time_to_visit,latitude,longitude
Northern,Delhi,Delhi,India Gate,War Memorial,1921,0.5,4.6,0,Yes,None,Historical,Yes,2.6,Evening,28.612912,77.2295097
Northern,Delhi,Delhi,Humayun's Tomb,Tomb,1572,2,4.5,30,Yes,None,Historical,Yes,0.4,Afternoon,28.5932848,77.2507492
Northern,Delhi,Delhi,Akshardham Temple,Temple,2005,5,4.6,60,Yes,None,Religious,No,0.4,Afternoon,28.6126735,77.2772619
Northern,Delhi,Delhi,Waste to Wonder Park,Theme Park,2019,2,4.1,50,Yes,Monday,Environmental,Yes,0.27,Evening,28.5926939,77.25697149999999
Northern,Delhi,Delhi,Jantar Mantar,Observatory,1724,2,4.2,15,Yes,None,Scientific,Yes,0.31,Morning,28.6270547,77.21662669999999
Northern,Delhi,Delhi,Chandni Chowk,Market,1700,3,4.2,0,Yes,Sunday,Market,Yes,0.25,Afternoon,28.6505331,77.23033699999999
Northern,Delhi,Delhi,Lotus Temple,Temple,1986,1,4.5,0,Yes,Monday,Religious,Yes,0.59,Evening,28.553492,77.25882639999999
Northern,Delhi,Delhi,Red Fort,Fort,1648,2,4.5,35,Yes,None,Historical,Yes,1.5,Afternoon,28.6561592,77.2410203
Northern,Delhi,Delhi,Agrasen ki Baoli,Stepwell,1400,1,4.2,0,Yes,None,Historical,Yes,0.41,Afternoon,28.626062,77.22503689999999
Northern,Delhi,Delhi,Sunder Nursery,Park,1600,2,4.6,0,Yes,None,Botanical,Yes,0.16,Afternoon,28.5956467,77.2451691
Northern,Delhi,Delhi,Garden of Five Senses,Park,2003,2,4.1,35,Yes,None,Botanical,Yes,0.23,Morning,28.513403,77.1975227
Northern,Delhi,Delhi,Lodhi Garden,Park,1500,1,4.5,0,Yes,None,Botanical,Yes,0.48,All,28.5936814,77.2218338
Northern,Delhi,Delhi,National Gallery of Modern Art,Museum,1954,3,4.5,20,Yes,Monday,Artistic,Yes,0.08,All,28.6101926,77.2344179
Northern,Delhi,Delhi,National Zoological Park,Zoo,1959,3,4.1,80,Yes,Friday,Environmental,Yes,0.41,All,28.606740300000002,77.2673761588751
Northern,Delhi,Delhi,Qutub Minar,Monument,1192,1,4.5,35,Yes,None,Historical,Yes,1.37,Afternoon,28.5244946,77.18551769999999
Northern,Delhi,Delhi,National Science Centre,Science,1992,5,4.4,70,Yes,None,Scientific,Yes,0.23,All,28.6127836,77.2455584
Western,Maharastra,Mumbai,Marine Drive,Promenade,None,2,4.5,0,Yes,None,Scenic,Yes,1.5,Evening,18.9432111,72.8229983
Western,Maharastra,Mumbai,Gateway of India,Monument,1924,1,4.6,0,Yes,None,Historical,Yes,3.6,All,18.9219841,72.8346543
Western,Maharastra,Mumbai,Chhatrapati Shivaji Maharaj Vastu Sangrahalaya,Museum,1922,1,4.6,500,Yes,None,Historical,Yes,0.34,All,18.9269015,72.83269159999999
Western,Maharastra,Mumbai,Sanjay Gandhi National Park,National Park,1996,3,4.3,50,Yes,Monday,Wildlife,Yes,0.6,All,19.2204535,72.9128422
Western,Maharastra,Mumbai,Siddhivinayak Temple,Temple,1881,2,4.8,0,Yes,None,Religious,No,1.05,All,19.01699,72.8303997
Western,Maharastra,Mumbai,Mahalaxmi Temple,Temple,1831,1,4.7,0,Yes,None,Religious,No,0.33,All,17.37236547622187,78.46874293076753
Western,Maharastra,Mumbai,Haji Ali Dargah,Religious Shrine,1431,2,4.4,0,Yes,None,Religious,No,0.16,All,18.9828273,72.8088966
Western,Maharastra,Mumbai,Chowpatty Beach,Beach,None,2,4.3,0,Yes,None,Recreational,Yes,0.05,Evening,18.9518622,72.8165592
Western,Maharastra,Mumbai,Essel World,Amusement Park,1986,5,4.3,1149,Yes,None,Recreational,Yes,0.27,All,19.230098,72.8013252
Western,Maharastra,Mumbai,Elephanta Caves,Monument,1987,4,4.3,550,Yes,None,Historical,Yes,0.35,All,18.9633474,72.9314864
Western,Maharastra,Lonavala,Imagicaa,Amusement Park,2013,5,1.4,1149,No,Monday,Recreational,Yes,0.95,All,18.7679396,73.28232059999999
Southern,Karnataka,Bangalore,Bangalore Palace,Palace,1878,2,4.2,500,Yes,Monday,Historical,Yes,0.9,Morning,13.0035068,77.5890953
Southern,Karnataka,Bangalore,Lalbagh Botanical Garden,Botanical Garden,1760,1.5,4.4,20,Yes,None,Nature,Yes,1.5,Evening,12.9494158,77.58468049999999
Southern,Karnataka,Bangalore,Cubbon Park,Park,1870,1,4.4,0,Yes,None,Nature,Yes,1.32,Morning,12.9779291,77.5951549
Southern,Karnataka,Bangalore,Vidhana Soudha,Government Building,1956,0.5,4.6,0,Yes,None,Architectural,No,0.8,Morning,12.9796121,77.5908462
Southern,Karnataka,Bangalore,ISKCON Temple Bangalore,Temple,1997,1,4.6,0,Yes,None,Religious,Yes,1.14,Evening,13.0098328,77.55109639999999
Southern,Telangana,Hyderabad,Charminar,Landmark,1591,1,4.5,25,Yes,Friday,Historical,Yes,2.1,Morning,17.3615636,78.4746645
Southern,Telangana,Hyderabad,Golconda Fort,Fort,1600,2,4.4,30,Yes,None,Historical,Yes,1.2,Morning,17.383309,78.4010528
Southern,Telangana,Hyderabad,Hussain Sagar Lake,Lake,1563,1,4.3,0,Yes,None,Scenic,Yes,0.5,Evening,17.4238798,78.4738215
Southern,Telangana,Hyderabad,Ramoji Film City,Film Studio,1996,4,4.4,1150,Yes,None,Entertainment,Yes,0.45,All,17.26412703813497,78.6818131660201
Southern,Telangana,Hyderabad,Salar Jung Museum,Museum,1951,2,4.4,20,Yes,None,Historical,Yes,0.67,All,17.3716084,78.48024389999999
Southern,Telangana,Hyderabad,Qutb Shahi Tombs,Tombs,1600,1,4.4,25,Yes,None,Historical,Yes,0.2,Morning,17.3973706,78.4001141
Southern,Telangana,Hyderabad,Birla Mandir,Temple,1976,1,4.7,0,Yes,None,Religious,No,0.41,All,22.530353299486784,88.36403546996553
Southern,Telangana,Hyderabad,Chowmahalla Palace,Palace,1800,1.5,4.4,80,Yes,None,Historical,Yes,0.45,Morning,17.3578233,78.4716897
Southern,Telangana,Hyderabad,Nehru Zoological Park,Zoo,1963,3,4.2,50,Yes,None,Wildlife,Yes,0.86,Morning,17.3483047,78.4425108
Southern,Telangana,Hyderabad,Lumbini Park,Park,1994,1,4.1,20,Yes,None,Recreational,Yes,0.73,Evening,17.4096811,78.4724344
Eastern,West Bengal,Kolkata,Victoria Memorial,Museum,1921,1.5,4.6,30,Yes,Monday,Historical,Yes,0.73,Morning,22.5448082,88.3425578
Eastern,West Bengal,Kolkata,Howrah Bridge,Bridge,1943,0.5,4.6,0,Yes,None,Architectural,No,1.2,All,22.5851433,88.34680050000001
Eastern,West Bengal,Kolkata,Indian Museum,Museum,1814,2,4.6,50,Yes,Monday,Historical,Yes,0.18,Morning,22.5578858,88.3511268
Eastern,West Bengal,Kolkata,Dakshineswar Kali Temple,Temple,1855,1,4.7,0,Yes,None,Religious,Yes,0.82,Morning,22.6549087,88.3575307
Eastern,West Bengal,Kolkata,Kalighat Kali Temple,Temple,1809,1,4.4,0,Yes,None,Religious,Yes,0.5,Morning,22.5202798,88.3420877
Eastern,West Bengal,Kolkata,Eden Gardens,Cricket Ground,1864,3,4.1,2500,Yes,None,Sports,Yes,0.1,All,22.5646081,88.34326449999999
Eastern,West Bengal,Kolkata,Alipore Zoological Gardens,Zoo,1876,2,4.3,25,Yes,None,Wildlife,Yes,0.66,Afternoon,22.5370343,88.33166969999999
Eastern,West Bengal,Kolkata,Science City Kolkata,Science,1997,3,4.4,60,Yes,None,Educational,Yes,0.88,All,22.5401381,88.39605639999999
Eastern,West Bengal,Kolkata,Belur Math,Site,1898,1.5,4.7,0,Yes,None,Religious,Yes,0.47,Morning,22.6326565,88.3563815
Eastern,West Bengal,Kolkata,Marble Palace,Palace,1835,1,4.4,0,Yes,None,Historical,Yes,0.1,Afternoon,22.582157160724925,88.36017616619054
Southern,Goa,Goa,Calangute Beach,Beach,None,2,4.4,0,Yes,None,Scenic,Yes,0.26,Evening,15.549441,73.7534857
Southern,Goa,Goa,Basilica of Bom Jesus,Church,1605,1,4.5,0,Yes,None,Historical,Yes,0.59,Afternoon,15.5008238,73.9114061
Southern,Goa,Goa,Fort Aguada,Fort,1612,1.5,4.2,0,Yes,None,Historical,Yes,0.95,Morning,15.4922519,73.77374619999999
Southern,Goa,Goa,Dudhsagar Falls,Waterfall,None,3,4.6,500,Yes,None,Nature,Yes,0.3,Afternoon,15.3144375,74.3143073
Southern,Goa,Goa,Anjuna Beach,Beach,None,2,4.4,0,Yes,None,Scenic,Yes,0.18,Evening,15.5733497,73.74097809999999
Southern,Goa,Goa,Chapora Fort,Fort,1617,1,4.2,0,Yes,None,Historical,Yes,0.19,Evening,15.6046375,73.7369631
Southern,Goa,Goa,Se Cathedral,Church,1640,1,4.5,0,Yes,None,Historical,Yes,0.05,Afternoon,15.5038769,73.9121918
Southern,Goa,Goa,Baga Beach,Beach,None,2,4.5,0,Yes,None,Scenic,Yes,0.35,Evening,15.5552787,73.7517307
Southern,Goa,Goa,Arambol Beach,Beach,None,2,4.6,0,Yes,None,Scenic,Yes,0.1,Evening,15.6846886,73.70328359999999
Southern,Goa,Goa,Palolem Beach,Beach,None,2,4.6,0,Yes,None,Scenic,Yes,0.27,Evening,15.0099648,74.02321859999999
Southern,Goa,Goa,Colva Beach,Beach,None,2,4.3,0,Yes,None,Scenic,Yes,0.1,Evening,15.2805316,73.91199449999999
Southern,Goa,Goa,Miramar Beach,Beach,None,1.5,4.2,0,Yes,None,Scenic,Yes,0.3,Evening,15.483004516665268,73.80713786022933
Southern,Goa,Goa,Aguada Beach,Beach,None,2,4.5,0,Yes,None,Scenic,Yes,0.01,Evening,15.491517993062677,73.76806588621562
Southern,Goa,Goa,Dr. Salim Ali Bird Santuary,Bird Sanctuary,1988,2,3.9,10,Yes,None,Wildlife,Yes,0.03,Afternoon,10.1335031,76.6860267
Western,Gujarat,Ahmedabad,Sabarmati Ashram,Historical,1915,1.5,4.6,0,Yes,None,Historical,Yes,0.35,Morning,23.0358621,72.5701089
Western,Gujarat,Dwarka,Dwarkadhish Temple,Temple,-400,2,4.7,0,No,None,Religious,No,0.59,Evening,22.2371082,68.9676255
Western,Gujarat,Junagadh,Gir National Park,National Park,1965,3,4.5,3500,No,None,Wildlife,Yes,0.08,Morning,21.0842848,70.7944414
Western,Gujarat,Bhuj,White Desert,Site,1950,2.5,4.6,0,Yes,None,Nature,Yes,0.12,Evening,24.62382186838991,73.73618586685149
Western,Gujarat,Vadodara,Laxmi Vilas Palace,Palace,1890,2,4.4,200,Yes,Monday,Historical,Yes,0.17,Afternoon,22.2935993,73.19190739999999
Western,Gujarat,Somnath,Somnath Temple,Temple,1951,2,4.8,0,No,None,Religious,No,0.39,Morning,20.8879899,70.40125689999999
Western,Gujarat,Rann of Kutch,Rann Utsav,Cultural,None,3,4.9,7500,Yes,None,Cultural,Yes,0.1,Evening,23.8063981,69.5125024
Western,Gujarat,Kevadia,Statue of Unity,Monument,2018,3,4.6,350,No,Monday,Historical,Yes,0.67,All,21.8380184,73.71907279999999
Western,Gujarat,Gandhinagar,Dandi Kutir,Museum,2013,1.5,4.5,0,No,None,Historical,Yes,0.05,All,23.2328758,72.63119379999999
Western,Gujarat,Ahmedabad,Sabarmati Riverfront,Urban Development Project,2012,1,4.6,0,Yes,None,Recreational,Yes,0.1,Evening,23.0234539,72.57664079999999
Western,Gujarat,Ahmedabad,Manek Chowk,Market,None,2,4.4,0,Yes,None,Food,Yes,0.49,Night,23.0231887,72.5879093
Western,Gujarat,Ahmedabad,Kankaria Lake,Lake,1451,3,4.5,10,Yes,None,Recreational,Yes,0.3,Afternoon,23.0062573,72.60255029999999
Western,Gujarat,Ahmedabad,Science City,Science,2002,7,4.4,500,Yes,Monday,Educational,Yes,0.11,All,23.0714235,72.5167854
Northern,Rajasthan,Jaipur,Hawa Mahal,Palace,1799,1,4.4,50,Yes,None,Architectural,Yes,1.3,Morning,26.9240458,75.8267144
Northern,Rajasthan,Udaipur,City Palace,Palace,1559,2,4.4,300,Yes,None,Historical,Yes,0.51,All,24.576412807470962,73.68351089510162
Northern,Rajasthan,Jaisalmer,Jaisalmer Fort,Fort,1156,2.5,4.4,50,No,None,Historical,Yes,0.56,All,26.9124555,70.9126093
Northern,Rajasthan,Sawai Madhopur,Ranthambore National Park,Wildlife Sanctuary,1980,3,4.6,500,No,None,Wildlife,Yes,0.09,All,25.9775867,76.5532869
Northern,Rajasthan,Pushkar,Pushkar Lake,Temple,1400,1.5,4.4,0,No,None,Religious,Yes,1.6,All,26.4871515,74.55401770000002
Northern,Rajasthan,Ajmer,Ajmer Sharif Dargah,Shrine,1236,1,4.6,0,Yes,None,Religious,No,0.35,All,26.4561204,74.62818469999999
Northern,Rajasthan,Jodhpur,Mehrangarh Fort,Fort,1459,2,4.6,100,Yes,None,Historical,Yes,0.64,All,26.2978267,73.0180132
Northern,Rajasthan,Chittorgarh,Chittorgarh Fort,Fort,700,2,4.6,40,No,None,Historical,Yes,1.9,All,24.8839686,74.6473548
Northern,Rajasthan,Mount Abu,Dilwara Temples,Temple,1100,1,4.6,0,No,None,Religious,No,0.05,All,24.609382,72.7229797
Northern,Rajasthan,Bikaner,Junagarh Fort,Fort,1589,2,4.5,50,Yes,None,Historical,Yes,0.32,All,28.0219586,73.3179962
Northern,Rajasthan,Jaipur,Amber Fort,Fort,1592,2,4.6,100,Yes,None,Historical,Yes,1.5,All,26.9854865,75.8513454
Northern,Rajasthan,Jaipur,Jaigarh Fort,Fort,1726,1.5,4.5,35,Yes,None,Historical,Yes,0.3,All,26.9816052,75.8447917
Northern,Rajasthan,Udaipur,Lake Pichola,Lake,1362,1,4.6,0,Yes,None,Nature,Yes,0.5,All,24.572,73.679
Northern,Punjab,Amritsar,Golden Temple (Harmandir Sahib),Religious Site,1604,1.5,4.9,0,Yes,None,Spiritual,Yes,1.9,All,31.61998029999999,74.8764849
Northern,Punjab,Amritsar,Jallianwala Bagh,Memorial,1951,1,4.8,0,Yes,None,Historical,Yes,0.3,Afternoon,31.6207396,74.88016549999999
Northern,Punjab,Amritsar,Wagah Border,Border Crossing,1950,2,4.8,0,Yes,None,Cultural,Yes,0.17,Evening,31.6048388,74.57407750000002
Northern,Punjab,Chandigarh,Rock Garden,Sculpture Garden,1976,2,4.5,30,Yes,None,Artistic,Yes,0.5,All,30.752535,76.8101038
Southern,Kerala,Alappuzha,Alappuzha Beach,Beach,None,1.5,4.5,0,Yes,None,Recreational,Yes,0.11,All,9.4927482,76.3177759
Southern,Kerala,Munnar,Munnar Tea Gardens,Scenic Area,None,2,4.3,0,No,None,Nature,Yes,0.3,All,10.0578407,77.0660813
Southern,Kerala,Kochi,Fort Kochi,Site,1503,1,4.4,0,Yes,None,Historical,Yes,0.1,All,9.9657787,76.2421147
Southern,Kerala,Thiruvananthapuram,Padmanabhaswamy Temple,Temple,None,1,4.7,0,Yes,None,Religious,No,0.46,All,8.482777900000002,76.9435906
Southern,Kerala,Kozhikode,Kozhikode Beach,Beach,None,1.5,3.9,0,Yes,None,Recreational,Yes,0.059,All,11.2626228,75.7673095
Southern,Kerala,Wayanad,Wayanad Wildlife Sanctuary,Wildlife Sanctuary,None,3,4.5,300,No,None,Wildlife,Yes,2.2,All,11.6716011,76.36865639999999
Southern,Kerala,Thekkady,Periyar National Park,National Park,1982,3,4.3,50,No,None,Wildlife,Yes,0.14,All,9.4631378,77.2286518
Southern,Kerala,Kumarakom,Kumarakom Bird Sanctuary,Bird Sanctuary,1972,2,3.8,50,Yes,None,Wildlife,Yes,0.1,All,9.6274375,76.4285625
Southern,Kerala,Varkala,Varkala Beach,Beach,None,2,4.6,0,Yes,None,Recreational,Yes,0.1,All,8.7355515,76.7031667
Southern,Kerala,Bekal,Bekal Fort,Fort,1650,1.5,4.5,20,No,None,Historical,Yes,0.22,All,12.3929083,75.03355300000001
Southern,Kerala,Kovalam,Kovalam Beach,Beach,None,2,4.4,0,Yes,None,Recreational,Yes,0.68,All,8.3837841,76.98041760000001
Southern,Kerala,Kannur,St. Angelo Fort,Fort,1505,1,4.4,20,Yes,None,Historical,Yes,0.11,All,11.8541418,75.3714455
Southern,Kerala,Nelliyampathy,Seethargundu Viewpoint,Viewpoint,None,1,4.5,0,No,None,Nature,Yes,0.03,Morning,10.5555329,76.71440989999999
Southern,Kerala,Kochi,Kerala Folklore Museum,Cultural,2009,1.5,4.4,100,Yes,Monday,Cultural,Yes,0.1,All,9.933010699999999,76.29897869999999
Southern,Kerala,Kochi,Wonderla Amusement Park,Amusement Park,2016,5.5,4.6,750,Yes,None,Entertainment,Yes,0.41,All,12.8349095,77.40094090000001
Southern,Karnataka,Mysore,Mysore Palace,Palace,1912,2,4.6,50,Yes,None,Historical,Yes,2.5,All,12.305163,76.65517489999999
Southern,Karnataka,Hampi,Hampi Archaeological Ruins,Site,None,3,4.7,0,No,None,Historical,Yes,0.05,All,15.3349769,76.4619233
Southern,Karnataka,Coorg,Abbey Falls,Waterfall,None,1,4.1,0,No,None,Nature,Yes,0.03,Morning,12.458256,75.71951419999999
Southern,Karnataka,Gokarna,Om Beach,Beach,None,2,4.5,0,No,None,Nature,Yes,0.09,All,14.5192405,74.3230039
Southern,Karnataka,Chikmagalur,Mullayanagiri,Mountain Peak,None,3,4.5,0,No,None,Nature,Yes,0.05,All,13.3908855,75.7213295
Southern,Karnataka,Badami,Badami Cave Temples,Cave,600,1.5,4.6,30,No,None,Religious,No,0.2,All,15.9183365,75.6839686
Southern,Karnataka,Shivamogga,Jog Falls,Waterfall,1900,1.5,4.6,30,No,None,Nature,Yes,0.23,Morning,14.2003718,74.7922202
Southern,Karnataka,Mangalore,Panambur Beach,Beach,None,1.5,4.5,0,Yes,None,Recreational,Yes,0.1,All,12.9530213,74.8011783
Southern,Karnataka,Murudeshwar,Murudeshwar Temple,Temple,None,1,4.7,0,Yes,None,Religious,No,0.49,All,14.093993,74.4898633
Southern,Karnataka,Bijapur,Gol Gumbaz,Mausoleum,1656,1.5,4.5,20,No,None,Historical,Yes,0.25,All,16.8302623,75.7361152
Southern,Karnataka,Bandipur,Bandipur National Park,National Park,1974,3,4.4,300,No,None,Wildlife,Yes,0.15,Morning,11.7787611,76.4646806
Southern,Karnataka,Halebidu,Halebidu Hoysaleswara Temple,Temple,1121,1,4.7,15,No,None,Religious,No,0.11,All,13.2125904,75.9941704
Western,Maharastra,Pune,Shaniwar Wada,Fort,1732,2,4.4,50,Yes,None,Historical,Yes,1.2,All,18.5194647,73.8553175
Western,Maharastra,Aurangabad,Ajanta Caves,Cave,200,3,4.6,30,Yes,Monday,Historical,Yes,0.21,Afternoon,20.5514444,75.7018913
Western,Maharastra,Nashik,Sula Vineyards,Vineyard,1999,2,4.1,300,Yes,None,Recreational,Yes,0.1,Afternoon,20.00532,73.68844659999999
Western,Maharastra,Shirdi,Sai Baba Temple,Temple,1922,1.5,4.7,0,Yes,None,Religious,No,0.69,All,19.183748561913887,72.84952351221835
Western,Maharastra,Alibaug,Alibaug Beach,Beach,None,1.5,4.2,0,Yes,None,Recreational,Yes,0.05,Evening,18.6391422,72.8720214
Western,Maharastra,Ratnagiri,Ganapatipule Temple,Temple,1600,1,4.7,0,No,None,Religious,No,0.1,All,17.1449566,73.2662143
Western,Maharastra,Nagpur,Deekshabhoomi,Monument,2001,1,4.5,0,Yes,None,Religious,Yes,0.11,Afternoon,21.128056,79.06694399999999
Western,Maharastra,Kolhapur,Mahalakshmi Temple,Temple,700,1,4.8,0,Yes,None,Religious,No,0.9,All,18.972145823594737,72.79557377252682
Western,Maharastra,Lonavala,Karla Caves,Cave,200,1.5,4.4,25,Yes,Yes,Historical,Yes,0.27,Afternoon,18.7832762,73.4704426
Western,Maharashtra,Tarkarli,Tarkarli Beach,Beach,None,2,4.6,0,No,None,Recreational,Yes,0.065,Evening,16.0136864,73.4898334
Western,Maharashtra,Satara,Kaas Plateau,Valley,None,2,4.4,300,No,None,Nature,Yes,0.05,Afternoon,17.7208314,73.8237159
Western,Maharashtra,Matheran,Echo Point,Viewpoint,1828,1.5,4.4,0,Yes,None,Nature,Yes,0.02,Morning,18.986298627348784,73.26109226607045
Western,Maharashtra,Ajanta,Ellora Caves,Cave,600,3,4.7,30,Yes,Tuesday,Historical,Yes,0.49,Afternoon,20.0267844,75.17708689999999
Central,Madhya Pradesh,Khajuraho,Khajuraho Group of Monuments,Temples,-850,2,4.7,40,No,None,Cultural,Yes,0.09,Afternoon,24.8318452,79.91985489999999
Central,Madhya Pradesh,Bhopal,Sanchi Stupa,Monument,-300,1.5,4.7,30,Yes,None,Historical,Yes,0.01,Afternoon,23.4873393,77.74182379999999
Central,Madhya Pradesh,Indore,Rajwada Palace,Palace,1747,1,4.4,10,Yes,None,Historical,Yes,0.63,Afternoon,22.7184419,75.85506699999999
Central,Madhya Pradesh,Gwalior,Gwalior Fort,Fort,900,2.5,4.5,75,Yes,None,Historical,Yes,0.4,Morning,26.2313245,78.1694957
Central,Madhya Pradesh,Ujjain,Mahakaleshwar Jyotirlinga,Temple,-3500,1.5,4.8,0,Yes,None,Religious,No,1.2,All,23.182905,75.76829099999999
Central,Madhya Pradesh,Jabalpur,Dhuandhar Falls,Waterfall,None,1,4.5,0,No,None,Nature,Yes,0.01,Morning,23.1262738,79.8075411
Central,Madhya Pradesh,Pachmarhi,Bee Falls,Waterfall,None,1.5,4.6,15,No,None,Nature,Yes,0.065,Morning,22.4750994,78.4072546
Central,Madhya Pradesh,Kanha,Kanha National Park,Wildlife Sanctuary,1955,3,4.5,100,No,None,Wildlife,Yes,0.1,Morning,22.2994956,80.5864278
Central,Madhya Pradesh,Bandhavgarh,Bandhavgarh National Park,National Park,1968,3,4.5,50,No,None,Wildlife,Yes,0.05,Morning,23.72176928437226,81.01979855907766
Central,Madhya Pradesh,Orchha,Orchha Fort,Fort,1500,1.5,4.8,10,No,None,Historical,Yes,0.1,Afternoon,25.350675,78.64270259999999
Central,Madhya Pradesh,Mandu,Jahaz Mahal,Site,1500,1,3.9,50,No,None,Historical,Yes,0.03,Afternoon,28.5143269,77.17859779999999
Central,Madhya Pradesh,Bhimbetka,Bhimbetka Rock Shelters,Prehistoric Site,1958,2,4.6,25,No,None,Archaeological,Yes,0.07,Afternoon,22.9395461,77.61243309999999
Central,Madhya Pradesh,Amarkantak,Narmada Udgam Temple,Temple,1200,1,4.4,0,No,None,Religious,Yes,0.01,All,22.6724314,81.7595175
Central,Madhya Pradesh,Chitrakoot,Chitrakoot Falls,Waterfall,None,1.5,4.4,0,No,None,Nature,Yes,0.1,Morning,19.2071733,81.7000604
Northern,Himachal Pradesh,Shimla,The Ridge,Scenic Point,None,1,4.7,0,Yes,None,Recreational,Yes,0.03,Morning,31.104804670195886,77.17467128112584
Northern,Himachal Pradesh,Manali,Solang Valley,Valley,None,2,4.1,0,No,None,Adventure,Yes,0.05,Morning,32.3131134043778,77.1635196403482
Northern,Himachal Pradesh,dalhousie,Dalai Lama Temple,Temple,1959,1.5,4.7,0,Yes,None,Religious,No,0.15,All,32.2315734,76.3237994
Northern,Himachal Pradesh,Dalhousie,Khajjiar Lake,Lake,None,1.5,4.5,0,No,None,Nature,Yes,0.1,Morning,32.546218,76.0580811
Northern,Himachal Pradesh,Spiti Valley,Key Monastery,Monastery,1100,1,4.8,0,No,None,Religious,Yes,0.025,Morning,32.2978346,78.01193119999999
Northern,Himachal Pradesh,Kullu,Great Himalayan National Park,National Park,1984,3,4.5,50,No,None,Wildlife,Yes,0.2,All,31.7985414,77.51601339999999
Northern,Himachal Pradesh,Chamba,Chamera Lake,Lake,None,2,4.4,0,No,None,Recreational,Yes,0.01,Morning,32.6199739,76.00774
Northern,Himachal Pradesh,Kinnaur,Sangla Valley,Valley,None,2,4.5,0,No,None,Nature,Yes,0.01,Morning,31.4254859,78.26499559999999
Northern,Himachal Pradesh,Kangra,Kangra Fort,Fort,400,2,4.4,150,Yes,None,Historical,Yes,0.1,All,32.0875196,76.25418979999999
Northern,Himachal Pradesh,Palampur,Tea Gardens,Tea Plantation,1950,1.5,4.6,0,Yes,None,Agricultural,Yes,0.015,Morning,32.11883552130572,76.53960416979835
Northern,Himachal Pradesh,Mandi,Prashar Lake,Lake,1400,1.5,4.6,0,No,None,Nature,Yes,0.01,Morning,31.7543645,77.1011415
Northern,Himachal Pradesh,Bir Billing,Paragliding Site,Adventure Sport,2005,2,4.8,2500,No,None,Adventure,Yes,0.01,All,32.0573827811029,76.74388749543532
Northern,Himachal Pradesh,McLeod Ganj,Triund Trek,Trekking,None,5,4.8,0,Yes,None,Adventure,Yes,0.01,Morning,32.2585505,76.34053349999999
Northern,Himachal Pradesh,Manikaran,Manikaran Sahib,Gurudwara,1980,1,4.6,0,No,None,Religious,Yes,1.3,Morning,32.0267951,77.3511063
Northern,Himachal Pradesh,Narkanda,Hatu Peak,Viewpoint,None,2,4.5,0,Yes,None,Nature,Yes,1.1,All,31.2438041,77.5014739
Northern,Himachal Pradesh,Barot,Barot Valley,Valley,None,2,4.7,0,No,None,Nature,Yes,1.2,Morning,32.02966668711751,76.84942199543397
Northern,Himachal Pradesh,Shoja,Serolsar Lake,Lake,None,2.5,4.4,0,No,None,Nature,Yes,0.9,Morning,31.5372894,77.4169443
Northern,Himachal Pradesh,Kufri,Kufri Fun World,Ski Resort,1975,5,3.8,1500,Yes,None,Recreational,Yes,0.1,All,31.0941261,77.278049
Northern,Uttarakhand,Nainital,Naini Lake,Lake,None,1.5,4.2,0,Yes,None,Nature,Yes,0.01,Morning,29.3868622,79.459841
Northern,Uttarakhand,Rishikesh,Laxman Jhula,Suspension Bridge,1939,1,4.4,0,Yes,None,Cultural,Yes,0.03,Morning,30.1259072,78.33088149999999
Northern,Uttarakhand,Haridwar,Har Ki Pauri,Ghat,None,1,4.5,0,Yes,None,Religious,Yes,0.025,All,29.9573607,78.1749687
Northern,Uttarakhand,Dehradun,Robber's Cave,Cave,None,1.5,4.5,25,Yes,None,Nature,Yes,0.01,Morning,30.37815803348385,78.05858762575775
Northern,Uttarakhand,Mussoorie,Kempty Falls,Waterfall,None,1.5,4.2,15,Yes,None,Nature,Yes,0.55,Morning,30.487822039850975,78.03668260435849
Northern,Uttarakhand,Auli,Auli Ski Resort,Ski Resort,1990,3,4.5,0,No,None,Adventure,Yes,0.01,Morning,30.530868691998503,79.56151239536072
Northern,Uttarakhand,Badrinath,Badrinath Temple,Temple,-820,1,4.8,0,No,None,Religious,No,0.29,All,30.74480789999999,79.4912552
Northern,Uttarakhand,Almora,Binsar Wildlife Sanctuary,Wildlife Sanctuary,1988,2,4.3,150,No,None,Wildlife,Yes,0.01,All,29.7055045,79.753968
Northern,Uttarakhand,Ranikhet,Chaubatia Gardens,Orchard,1868,1,4,50,No,None,Recreational,Yes,0.025,All,29.61974189999999,79.4610397
Northern,Uttarakhand,Jim Corbett,Jim Corbett National Park,National Park,1936,3,4.4,100,Yes,None,Wildlife,Yes,0.3,All,29.5521551,78.88321069999999
Northern,Uttarakhand,Uttarkashi,Gangotri Temple,Temple,1751,1,4.8,0,No,None,Religious,No,0.05,All,30.9944091,78.9411825
Northern,Uttarakhand,Chopta,Tungnath Temple,Temple,751,2,4.8,0,No,None,Religious,No,0.09,All,30.4886998,79.2170211
Northern,Uttarakhand,Joshimath,Valley of Flowers,National Park,1982,5,4.7,150,No,None,Nature,Yes,0.035,Morning,30.7274861,79.60733909999999
Central,Uttar Pradesh,Agra,Taj Mahal,Mausoleum,1632,2,4.6,50,Yes,Friday,Historical,Yes,2.25,Morning,27.1751448,78.0421422
Central,Uttar Pradesh,Varanasi,Kashi Vishwanath Temple,Temple,None,1,4.7,0,Yes,None,Religious,No,0.9,All,25.3108532,83.0106783
Central,Uttar Pradesh,Lucknow,Bara Imambara,Monument,1784,1.5,4.4,50,Yes,Monday,Historical,No,0.45,All,26.8685168,80.9127127
Central,Uttar Pradesh,Mathura,Krishna Janmabhoomi,Temple,None,1,4.7,0,Yes,None,Religious,No,0.13,All,27.5048884,77.66978
Central,Uttar Pradesh,Ayodhya,Ram Janmabhoomi,Religious Site,None,1,4.8,0,Yes,None,Religious,No,0.025,All,26.795649669627633,82.1944202663561
Central,Uttar Pradesh,Vrindavan,Banke Bihari Temple,Temple,1864,1,4.8,0,Yes,None,Religious,No,0.37,All,27.580148,77.7010816
Central,Uttar Pradesh,Allahabad,Triveni Sangam,Confluence,None,1,4.5,0,Yes,None,Religious,Yes,0.09,Morning,25.531657102596885,81.8530043525579
Central,Uttar Pradesh,Jhansi,Jhansi Fort,Fort,1613,1.5,4.4,15,Yes,None,Historical,Yes,0.25,All,25.4575915,78.5764611
Central,Uttar Pradesh,Sarnath,Dhamek Stupa,Monument,-500,1,4.6,5,Yes,None,Historical,Yes,0.065,All,25.3809019,83.024517
Central,Uttar Pradesh,Fatehpur Sikri,Buland Darwaza,Monument,1571,2,4.4,40,Yes,None,Historical,Yes,0.07,Afternoon,27.0940976,77.6630237
Central,Uttar Pradesh,Noida,Okhla Bird Sanctuary,Bird Sanctuary,1990,1.5,4.3,30,Yes,None,Wildlife,Yes,0.035,All,28.5593695,77.30988599999999
Central,Uttar Pradesh,Aligarh,Aligarh Fort,Fort,1524,1,4.1,20,Yes,None,Historical,Yes,0.0165,Afternoon,27.930607,78.0632653
Central,Uttar Pradesh,Meerut,Augarnath Temple,Temple,None,1,4.8,0,Yes,None,Religious,No,0.045,All,28.9968175,77.6911618
Central,Uttar Pradesh,Kanpur,Allen Forest Zoo,Zoo,1971,2,4.2,150,Yes,Monday,Wildlife,Yes,0.21,All,26.5028694,80.3031232
Northern,Jammu and Kashmir,Srinagar,Dal Lake,Lake,None,2,4.6,0,Yes,None,Nature,Yes,0.15,Morning,34.1105857,74.86825689999999
Northern,Ladakh,Leh,Pangong Tso,Lake,None,2,4.9,20,Yes,None,Nature,Yes,0.15,Morning,33.7595131,78.66744039999999
Northern,Jammu and Kashmir,Pahalgam,Betaab Valley,Valley,None,2,4.6,100,No,None,Nature,Yes,0.11,All,34.0540604,75.3638888
Northern,Jammu and Kashmir,Jammu,Vaishno Devi,Temple,None,5,4.7,0,Yes,None,Religious,No,0.55,All,33.0308295,74.9490416
Northern,Jammu and Kashmir,Udhampur,Patnitop Height,Hill,None,2,4.1,0,No,None,Recreational,Yes,0.01,All,33.0847048,75.3353875
Northern,Jammu and Kashmir,Anantnag,Amarnath Cave,Temple,None,6,4.5,0,No,None,Religious,Yes,0.11,All,34.2156918,75.5041201
Northern,Ladakh,Leh,Thiksey Monastery,Monastery,1430,1.5,4.7,20,Yes,None,Religious,No,0.05,All,34.0559137,77.6677625
Northern,Ladakh,Nubra Valley,Nubra Valley,Valley,None,2,4.5,0,No,None,Nature,Yes,0.1,All,34.6863146,77.567288
Northern,Ladakh,Kargil,Kargil War Memorial,War Memorial,24,1,4.8,0,No,None,Historical,Yes,0.011,All,34.4340036,75.80768139999999
Northern,Ladakh,Diskit,Diskit Monastery,Monastery,1351,1,4.7,20,No,None,Religious,No,0.015,Morning,34.5409579,77.5606881
Northern,Jammu and Kashmir,Kishtwar,Kishtwar National Park,National Park,1981,3,4.3,100,No,None,Wildlife,Yes,0.01,All,33.6187109,75.9932587
Northern,Ladakh,Hemis,Hemis National Park,National Park,1981,4,4.4,20,No,None,Wildlife,Yes,0.02,All,33.7187211,77.38822239999999
Northern,Ladakh,Dras,Dras War Memorial,War Memorial,None,1,4.8,0,No,None,Historical,Yes,0.012,All,34.4340036,75.80768139999999
Northern,Ladakh,Leh,Magnetic Hill,Gravity Hill,None,0.5,3.7,0,Yes,None,Nature,Yes,0.1,All,34.17098506402562,77.35261202686472
Northern,Ladakh,Leh,Khardung La Pass,Hill,None,1,4.5,0,Yes,None,Adventure,Yes,0.05,Afternoon,34.2787271,77.6046756
Northern,Ladakh,Leh,Thiksey Monastery,Monastery,1430,1.5,4.7,30,Yes,None,Religious,No,0.05,All,34.0559137,77.6677625
Central,Uttar Pradesh,Vrindavan,Prem Mandir,Temple,2012,1.5,4.8,0,Yes,None,Religious,Yes,0.49,Evening,27.5718524,77.6720096
Central,Uttar Pradesh,Porbandar,Kirti Mandir,Memorial,1950,1,4.8,0,Yes,None,Historical,Yes,0.03,Morning,22.3075839,73.190977
Central,Uttar Pradesh,Mathura,Nand Gaon,Village,None,1,4.1,0,Yes,None,Cultural,Yes,0.01,Morning,27.72726,77.3812494
Central,Uttar Pradesh,Mathura,Barsana Mandir,Temple,None,1,4.8,0,Yes,None,Religious,Yes,0.1,Morning,27.6463577,77.37680990000001
Eastern,West Bengal,Darjeeling,Tiger Hill,Sunrise Point,None,1,4.5,0,No,None,Nature,Yes,0.025,All,26.9966667,88.29444439999999
Eastern,West Bengal,Siliguri,Jaldapara National Park,Wildlife Sanctuary,1941,3,4.4,250,Yes,None,Wildlife,Yes,0.035,All,26.6905136,89.2805351
Eastern,West Bengal,Sundarbans,Sundarbans National Park,National Park,1984,4,4.4,60,No,None,Wildlife,Yes,0.065,All,21.8842354,88.88537649999999
Eastern,West Bengal,Digha,Digha Beach,Beach,None,1.5,4.5,0,No,None,Recreational,Yes,0.09,Morning,21.627425,87.5368038
Eastern,West Bengal,Murshidabad,Hazarduari Palace,Palace,1837,1.5,4.5,10,Yes,Friday,Historical,Yes,0.18,Morning,24.1863376,88.26879129999999
Eastern,West Bengal,Bolpur,Kankalitala Temple,Temple,None,0.5,4.7,0,Yes,None,Religious,No,0.045,All,23.7163812,87.7210779
Eastern,West Bengal,Hooghly,Hangseswari Temple,Temple,1814,0.5,4.6,0,Yes,None,Architectural,No,0.07,All,22.9642845,88.39979579999999
Eastern,West Bengal,Jalpaiguri,Gorumara National Park,National Park,1949,3,4.4,100,Yes,None,Wildlife,Yes,0.07,All,26.7563574,88.79747929999999
Eastern,West Bengal,Cooch Behar,Cooch Behar Palace,Palace,1887,1,4.5,20,Yes,Friday,Historical,Yes,0.09,All,26.3270303,89.4387284
Eastern,West Bengal,Purulia,Ayodhya Hills,Hill,None,2.5,4.5,0,No,None,Nature,Yes,0.15,All,23.191215301254125,86.05909593764558
Eastern,Odisha,Puri,Jagannath Temple,Temple,1150,2,4.7,0,Yes,None,Religious,No,1,All,19.8049379,85.81793859999999
Eastern,Odisha,Konark,Sun Temple,Temple,1250,1.5,4.7,40,Yes,None,Historical,Yes,0.83,All,19.83547310977518,86.05153766134525
Eastern,Odisha,Bhubaneswar,Lingaraj Temple,Temple,1050,1,4.6,0,Yes,None,Religious,No,0.35,All,20.2384519,85.8337767
Eastern,Odisha,Rourkela,Khandadhar Waterfall,Waterfall,None,1.5,4.5,0,No,None,Nature,Yes,1.2,All,21.7752482,85.3218912
Eastern,Odisha,Cuttack,Barabati Fort,Fort,-987,1,4.5,0,Yes,None,Historical,Yes,0.13,All,20.4845311,85.86517669999999
Eastern,Odisha,Sambalpur,Hirakud Dam,Dam,1957,1,4.5,0,No,None,Engineering Marvel,Yes,0.01,All,21.5305898,83.8704949
Eastern,Odisha,Chilika,Chilika Lake,Lake,None,2,3.9,0,Yes,None,Nature,Yes,0.1,Morning,19.8449627,85.47880649999999
Eastern,Odisha,Berhampur,Tara Tarini Temple,Temple,None,1,4.6,0,Yes,None,Religious,No,0.01,All,19.4888509,84.89908989999999
Eastern,Odisha,Keonjhar,Badaghagara Waterfall,Waterfall,None,1,4.3,0,No,None,Nature,Yes,0.018,Morning,21.6087088,85.555751
Eastern,Odisha,Balasore,Chandipur Beach,Beach,None,1.5,4.2,0,Yes,None,Recreational,Yes,0.014,Morning,21.4518786,87.0406081
Eastern,Odisha,Kendujhar,Sanaghagara Waterfall,Waterfall,None,1,4.4,0,No,None,Nature,Yes,0.055,All,21.632772,85.5569556
Southern,Tamil Nadu,Chennai,Marina Beach,Beach,None,1.5,3.9,0,Yes,None,Recreational,Yes,0.1,Morning,13.0499526,80.2824026
Southern,Tamil Nadu,Madurai,Meenakshi Amman Temple,Temple,550,2,4.7,0,Yes,None,Religious,No,0.65,All,9.9195045,78.1193418
Southern,Tamil Nadu,Rameswaram,Ramanathaswamy Temple,Temple,1150,1.5,4.6,0,No,None,Religious,No,0.01,All,9.288113599999999,79.3173919
Southern,Tamil Nadu,Kanyakumari,Vivekananda Rock Memorial,Memorial,1970,1,4.6,20,Yes,None,Historical,No,0.47,Morning,8.0778853,77.5558698
Southern,Tamil Nadu,Ooty,Ooty Lake,Lake,1824,1,4.1,10,Yes,None,Recreational,Yes,0.61,Morning,11.406831,76.688552
Southern,Tamil Nadu,Coimbatore,Marudamalai Temple,Temple,1150,1,4.7,0,Yes,None,Religious,No,0.3,All,11.046546929019177,76.85170679471314
Southern,Tamil Nadu,Kodaikanal,Kodaikanal Lake,Lake,1863,2,3.9,0,No,None,Recreational,Yes,0.1,Morning,10.2343586,77.4863295
Southern,Tamil Nadu,Thanjavur,Brihadeeswarar Temple,Temple,110,1.5,4.8,0,Yes,None,Religious,No,0.35,All,10.7826954,79.1314587
Southern,Tamil Nadu,Mahabalipuram,Shore Temple,Temple,650,1,4.6,40,Yes,None,Historical,No,0.09,All,12.6164515,80.19933209999999
Southern,Tamil Nadu,Yercaud,Yercaud Lake,Lake,None,1,4.2,0,No,None,Recreational,Yes,0.019,Morning,11.7841423,78.21022959999999
Southern,Tamil Nadu,Tirunelveli,Nellaiappar Temple,Temple,650,1,4.6,0,Yes,None,Religious,No,0.16,All,8.7283634,77.6880216
Southern,Tamil Nadu,Chidambaram,Nataraja Temple,Temple,950,1,4.7,0,Yes,None,Religious,No,0.28,All,11.3994888,79.69465389999999
Southern,Andhra Pradesh,Vijayawada,Kanaka Durga Temple,Temple,None,1,4.7,0,Yes,None,Religious,No,0.44,All,16.5154055,80.605864
Southern,Andhra Pradesh,Visakhapatnam,Rishikonda Beach,Beach,None,1.5,4.5,0,Yes,None,Recreational,Yes,0.39,Morning,17.7825201,83.38511539999999
Southern,Andhra Pradesh,Srisailam,Mallikarjuna Swamy Temple,Temple,1350,1,4.7,0,No,None,Religious,No,0.49,All,10.625767572750323,77.7274683641584
Southern,Andhra Pradesh,Rajahmundry,Papikondalu,Hill,None,2,4.3,0,Yes,None,Nature,Yes,0.032,All,17.270994659012246,81.66105980000512
Southern,Andhra Pradesh,Anantapur,Lepakshi,Site,1550,1.5,4.6,0,No,None,Historical,Yes,0.075,All,13.8039436,77.60771969999999
Southern,Andhra Pradesh,Kurnool,Belum Caves,Cave,None,1.5,4.4,65,Yes,None,Natural Wonder,Yes,0.11,Afternoon,15.1025794,78.11150719999999
Southern,Andhra Pradesh,Amravati,Amaravathi Temple,Temple,None,1,4.7,0,Yes,None,Religious,No,0.041,All,16.5062009,80.6480619
Southern,Andhra Pradesh,Guntur,Uppalapadu Bird Sanctuary,Bird Sanctuary,None,1,4.4,10,Yes,None,Wildlife,Yes,0.7,All,16.3059236,80.5133238
Southern,Andhra Pradesh,Kadapa,Gandikota Fort,Fort,1150,1.5,4.5,0,No,None,Historical,Yes,0.015,Morning,14.8140172,78.2868652
Southern,Andhra Pradesh,Puttaparthi,Prasanthi Nilayam,Spiritual Center,1950,1,4.7,0,Yes,None,Religious,Yes,0.12,All,14.6885557,77.5749495
Southern,Andhra Pradesh,Vizianagaram,Simhachalam Temple,Temple,198,1,4.7,0,Yes,None,Religious,No,0.59,All,17.7663525,83.2505322
Southern,Andhra Pradesh,Visakhapatnam,Kailasagiri,Hill,None,2,4.5,0,Yes,None,Recreational,Yes,0.019,All,17.7492105,83.3418016
Southern,Andhra Pradesh,Visakhapatnam,Submarine Museum,Museum,22,1,4.6,40,Yes,None,Historical,Yes,0.49,All,17.717222743293036,83.3300804660329
Southern,Andhra Pradesh,Visakhapatnam,Borra Caves,Cave,None,2,4.5,60,No,None,Natural Wonder,Yes,0.31,Afternoon,18.2806929,83.0396992
Southern,Andhra Pradesh,Visakhapatnam,War Memorial,War Memorial,None,1,4.6,0,Yes,None,Historical,Yes,0.059,All,17.718637603682545,83.332237594869
Southern,Andhra Pradesh,Visakhapatnam,Indira Gandhi Zoological Park,Zoo,1977,2,4.1,20,Yes,Monday,Wildlife,Yes,0.25,Afternoon,17.765657,83.3488338
Southern,Andhra Pradesh,Visakhapatnam,Matsyadarshini Aquarium,Aquarium,None,1,3.8,20,Yes,None,Recreational,Yes,0.03,All,17.71269702255696,83.32010189486886
Southern,Andhra Pradesh,Visakhapatnam,Visakha Museum,Museum,1991,1,4.3,10,Yes,None,Cultural,Yes,0.065,All,17.7205813,83.33452849999999
Eastern,Sikkim,Gangtok,Nathula Pass,Hill,None,2,4.3,20,Yes,None,Historical,Yes,0.15,Afternoon,27.3865684,88.83087309999999
Eastern,Sikkim,Pelling,Pemayangtse Monastery,Monastery,1705,1,4.6,20,No,None,Religious,No,0.015,Morning,27.3052201,88.2515852
Eastern,Sikkim,Namchi,Char Dham,Religious Complex,211,2,4.7,50,Yes,None,Religious,No,0.12,All,27.12398966180408,88.31482532647117
Eastern,Sikkim,Gangtok,Rumtek Monastery,Monastery,2010,1,4.6,10,Yes,None,Religious,No,0.035,Morning,27.2886861,88.5614622
Eastern,Sikkim,Ravangla,Buddha Park,Park,213,1,4.8,50,Yes,None,Cultural,Yes,0.1,All,27.31435274381499,88.3632704952144
Eastern,Sikkim,Gangtok,Baba Harbhajan Singh Temple,Temple,1967,1,4.7,0,Yes,None,Religious,No,0.075,All,27.3658573,88.8379192
Eastern,Sikkim,Gangtok,Tsomgo Lake,Lake,None,2,4.5,0,Yes,None,Nature,Yes,0.15,Morning,27.3741667,88.76194439999999
North Eastern,Assam,Guwahati,Kamakhya Temple,Temple,None,2,4.6,0,Yes,None,Religious,No,0.21,All,26.1664108,91.7055031
North Eastern,Assam,Kaziranga,Kaziranga National Park,National Park,1905,3,4.5,650,No,None,Wildlife,No,0.068,Morning,26.6445044,93.3524858
North Eastern,Assam,Guwahati,Umananda Island,Island,None,1,4.1,0,Yes,None,Nature,Yes,0.01,Morning,26.1964922,91.7449079
North Eastern,Assam,Sivasagar,Sivasagar Sivadol,Temple,1734,1,4.7,0,No,None,Historical,Yes,0.065,All,26.9888752,94.63310299999999
North Eastern,Assam,Majuli,Majuli Island,River Island,None,2,4.7,0,No,None,Cultural,Yes,0.01,Morning,27.0016172,94.2242981
North Eastern,Assam,Manas,Manas National Park,National Park,1990,3,4.6,500,No,None,Wildlife,Yes,0.19,Morning,26.8101743,91.2394832
North Eastern,Assam,Hajo,Hayagriva Madhava Temple,Temple,None,1,4.5,0,No,None,Religious,Yes,0.9,All,26.2427769,91.52658430000001
North Eastern,Assam,Guwahati,Pobitora Wildlife Sanctuary,Wildlife Sanctuary,1987,2,4.4,500,Yes,None,Wildlife,Yes,0.037,All,26.2307847,92.0550609
North Eastern,Arunachal Pradesh,Tawang,Tawang Monastery,Monastery,1680,2,4.7,0,No,None,Religious,No,0.032,Morning,27.5867261,91.8577194
North Eastern,Tripura,Agartala,Ujjayanta Palace,Palace,1901,1.5,4.5,10,Yes,Monday,Historical,Yes,0.035,All,23.8373503,91.2827128
North Eastern,Tripura,Dumboor,Dumboor Lake,Lake,None,1,4.5,0,No,None,Nature,Yes,0.01,Morning,23.4756928,91.84402589999999
North Eastern,Tripura,Unakoti,Unakoti Rock Carvings,Rock Carvings,700,1.5,4.5,20,No,None,Historical,Yes,0.025,Morning,24.3169807,92.0668989
Central,Chhattisgarh,Bastar,Chitrakote Falls,Waterfall,None,1.5,4.6,0,No,None,Nature,Yes,0.19,Morning,19.2071733,81.7000604
North Eastern,Nagaland,Dzükou Valley,Dzükou Valley,Valley,None,3,4.7,0,No,None,Trekking,Yes,0.01,Afternoon,25.5553627,94.0652787
Southern,Puducherry,Puducherry,Promenade Beach,Beach,None,1,4.5,0,Yes,None,Recreational,Yes,0.09,Morning,11.92930957028297,79.83545948303203
Southern,Puducherry,Auroville,Auroville,Township,1968,2,4.1,0,Yes,None,Cultural,Yes,0.035,All,12.0052483,79.8068922
Southern,Puducherry,Puducherry,Paradise Beach,Beach,None,1,4.5,200,Yes,None,Recreational,Yes,0.015,Morning,11.88194964575267,79.8236318437895
Southern,Andaman and Nicobar Islands,Port Blair,Cellular Jail,Landmark,1906,1.5,4.7,30,Yes,Monday,Historical,Yes,0.12,Afternoon,11.6747447,92.7478601
Southern,Andaman and Nicobar Islands,Havelock Island,Radhanagar Beach,Beach,None,1,4.8,0,No,None,Nature,Yes,0.09,Morning,11.9844552,92.95084539999999
Southern,Andaman and Nicobar Islands,Neil Island,Bharatpur Beach,Beach,None,1,4.5,0,No,None,Nature,Yes,0.04,Morning,11.8361324,93.03419699999999
Southern,Andaman and Nicobar Islands,Baratang Island,Limestone Caves,Natural Feature,None,1.5,4.4,250,No,None,Nature,Yes,0.015,Morning,12.095902888144744,92.74546523706083
Western,Daman and Diu,Diu,Naida Caves,Cave,None,1,4.5,0,No,None,Nature,Yes,0.6,Afternoon,20.7102563,70.980716
Western,Daman and Diu,Diu,Diu Fort,Fort,1535,1.5,4.6,0,No,None,Historical,Yes,1.2,Afternoon,20.7146981,70.9961398
Eastern,Jharkhand,Deoghar,Baba Baidyanath Temple,Temple,None,1,4.7,0,Yes,None,Religious,Yes,1.8,All,24.4927645,86.7005212
Eastern,Jharkhand,Ranchi,Pahari Mandir,Temple,None,1,4.6,0,Yes,None,Religious,Yes,0.13,All,23.37541867632964,85.31071778001984
Eastern,Bihar,Bodh Gaya,Mahabodhi Temple,Temple,-260,1.5,4.7,0,Yes,None,Religious,Yes,0.2,All,24.6959222,84.99141929999999
Eastern,Bihar,Patna,Sanjay Gandhi Biological Park,Zoo,None,2.5,4.3,30,Yes,None,Wildlife,Yes,0.5,All,25.5994498,85.09900499999999
Eastern,Bihar,Patna,Takhat Shri Harimandir Ji Patna Sahib,Gurudwara,None,1,4.7,0,Yes,None,Religious,Yes,0.25,All,25.5960503,85.2299561
Eastern,Bihar,Patna,Budhha Smriti Park,Park,None,1,4.4,10,Yes,None,Cultural,Yes,0.31,All,25.6067139,85.13615020000002
Northern,Haryana,Gurugram,Kingdom of Dreams,Entertainment,2010,3,4.4,1100,Yes,Monday,Entertainment,Yes,0.3,Afternoon,28.4678664,77.0688866
Northern,Haryana,Gurugram,Ambience Mall,Mall,None,2,4.6,0,Yes,None,Shopping,Yes,1.2,Afternoon,28.505504,77.095956
Northern,Haryana,Gurugram,DLF CyberHub,Commercial Complex,None,2,4.7,0,Yes,None,Entertainment,Yes,0.71,Afternoon,28.4950422,77.0890948
Northern,Delhi,New Delhi,Gurudwara Bangla Sahib,Gurudwara,None,1,4.8,0,Yes,None,Religious,Yes,1.05,All,28.6263764,77.2090704
Northern,Uttarakhand,Kedarnath,Kedarnath,Temple,None,1.5,4.8,0,No,None,Religious,No,2,All,30.7346267,79.0668943
Central,Uttar Pradesh,Noida,DLF Mall of India,Mall,2016,2,4.6,0,Yes,None,Shopping,Yes,1.5,All,28.5673409,77.3211303
Central,Uttar Pradesh,Greater Noida,The Grand Venice Mall,Mall,None,2,4.2,0,Yes,None,Shopping,Yes,0.45,All,28.4525346,77.5263114
Southern,Karnataka,Bengaluru,Wonderla Amusement Park,Amusement Park,2005,4,4.5,890,Yes,None,Entertainment,Yes,0.95,All,12.8349095,77.40094090000001
Eastern,Odisha,Bhubaneswar,Nandankanan Zoological Park,Zoo,1960,3,4.4,50,Yes,Monday,Wildlife,Yes,0.81,Afternoon,20.39577,85.82596439999999
Southern,Karnataka,Bengaluru,Orion Mall,Mall,2012,2,4.5,0,Yes,None,Shopping,Yes,1.8,All,13.011023,77.55471519999999
Southern,Telangana,Hyderabad,Inorbit Mall Cyberabad,Mall,2004,2,4.5,0,Yes,None,Shopping,Yes,1.2,All,17.4338224,78.3869526
Northern,Delhi,New Delhi,Jama Masjid,Mosque,1656,1,4.5,0,Yes,None,Historical,Yes,0.49,All,28.6506792,77.23344209999999
Southern,Tamil Nadu,Rameswaram,Ramanathaswamy Temple,Temple,None,1.5,4.7,0,Yes,None,Religious,No,0.1,All,9.288113599999999,79.3173919
Central,Uttar Pradesh,Greater Noida,Buddh International Circuit,Race Track,2011,2,4.6,1500,Yes,Sunday,Sports,Yes,7.4,All,28.350494,77.53509180000002
Central,Uttar Pradesh,Lucknow,Phoenix Palassio,Mall,2020,2,4.6,0,Yes,None,Shopping,Yes,0.35,All,26.8087777,81.0127107
Southern,Kerala,Kochi,LuLu International Shopping Mall,Mall,2013,3,4.6,0,Yes,None,Shopping,Yes,1.9,All,10.0271483,76.3081856
Northern,Delhi,New Delhi,Rail Museum,Museum,1977,2,4.4,50,Yes,Monday,Cultural,Yes,0.24,Morning,28.5872,77.18560000000001
North Eastern,Meghalaya,Cherrapunji,Living Root Bridge,Natural Feature,None,2,4.6,0,No,None,Nature,Yes,0.06,Morning,25.251240570374343,91.67196909512842
Western,Gujarat,Gandhinagar,Akshardham,Temple,1992,3,4.6,0,Yes,Monday,Religious,No,0.18,All,28.6126735,77.2772619
Central,Uttar Pradesh,Agra,Agra Fort,Fort,1565,2,4.5,40,Yes,None,Historical,Yes,1.3,Afternoon,27.1795328,78.021112
Central,Madhya Pradesh,Bhopal,Madhya Pradesh Tribal Museum,Museum,2013,2,4.7,10,Yes,Monday,Cultural,Yes,0.15,All,23.2343968,77.3847649
Northern,Rajasthan,Jaipur,City Palace,Palace,1727,2,4.4,200,Yes,None,Historical,Yes,0.51,Morning,26.92579427663937,75.82366066636168
Northern,Rajasthan,Jaipur,Albert Hall Museum,Museum,1887,2,4.5,200,Yes,None,Historical,Yes,0.63,All,26.9115849,75.81941200000001
